"Source:","/Users/michiele/Dropbox (Persoonlijk)/michiele/Aruino/PCB Ontwerp/KiCAD/projecten/Ander/EasyLab4Kids/EasyLab/KiCAD/geluid/SN76489 geluidsspeler/SN76489 arduino nano shield/SN76849 Arduino nano shield.sch"
"Date:","donderdag 01 februari 2018 'o10' 12:10:56"
"Tool:","Eeschema 4.0.7"
"Component Count:","6"
"Ref","Value","Footprint","Datasheet","Manufacturer","Vendor"
"C1","CP_10uF","Capacitors_SMD:C_1210","","",""
"J1","Arduino_sn","Socket_Strips:Socket_Strip_Angled_1x03","","",""
"J2","Arduino_SPI","Socket_Strips:Socket_Strip_Angled_1x04_Pitch2.54mm","","",""
"P1","Audio_uit","Socket_Strips:Socket_Strip_Straight_1x03_Pitch2.54mm","","",""
"U1","74HC595","w_pth_circuits:dil_16-300_socket","https://github.com/maxint-rd/mxUnified74HC595","",""
"U3","SN76489","w_pth_circuits:dil_16-300_socket","https://github.com/maxint-rd/mxUnifiedSN76489/blob/master/documentation/datasheet%20SN76489AN.pdf","",""
